,
,
,
,
,
,
3/31/2009,1292.98
4/1/2009,1314.63
4/2/2009,1352.47
4/3/2009,1365.66
4/6/2009,1354.36
4/7/2009,1322.91
4/8/2009,1338.53
4/9/2009,1389.49
4/13/2009,1393.13
4/14/2009,1365.2
4/15/2009,1382.36
4/16/2009,1403.89
4/17/2009,1410.85
4/20/2009,1350.52
4/21/2009,1379.22
4/22/2009,1368.92
4/23/2009,1382.52
4/24/2009,1405.74
4/27/2009,1391.58
4/28/2009,1387.82
4/29/2009,1417.99
4/30/2009,1416.73
5/1/2009,1424.41
5/4/2009,1472.64
5/5/2009,1467.25
5/6/2009,1493.31
5/7/2009,1473.66
5/8/2009,1509.14
5/11/2009,1477.2
5/12/2009,1475.83
5/13/2009,1436.74
5/14/2009,1451.79
5/15/2009,1435.48
5/18/2009,1479.24
5/19/2009,1476.94
5/20/2009,1469.47
5/21/2009,1445.28
5/22/2009,1443.14
5/26/2009,1481.1
5/27/2009,1453.28
5/28/2009,1475.94
5/29/2009,1495.97
6/1/2009,1534.65
6/2/2009,1537.69
6/3/2009,1516.88
6/4/2009,1534.59
6/5/2009,1530.82
6/8/2009,1529.59
6/9/2009,1535.03
6/10/2009,1529.76
6/11/2009,1539.5
6/12/2009,1541.7
6/15/2009,1505.06
6/16/2009,1485.92
6/17/2009,1483.9
6/18/2009,1496.59
6/19/2009,1501.25
6/22/2009,1455.54
6/23/2009,1458.92
6/24/2009,1468.48
6/25/2009,1499.98
6/26/2009,1498.08
6/29/2009,1511.7
6/30/2009,1498.94
7/1/2009,1505.64
7/2/2009,1461.8
7/6/2009,1465.58
7/7/2009,1436.74
7/8/2009,1435.2
7/9/2009,1440.3
7/10/2009,1434.5
7/13/2009,1470.43
7/14/2009,1478.24
7/15/2009,1522.09
7/16/2009,1535.3
7/17/2009,1534.7
7/20/2009,1552.26
7/21/2009,1557.91
7/22/2009,1557.37
7/23/2009,1593.65
7/24/2009,1598.5
7/27/2009,1603.26
7/28/2009,1599.09
7/29/2009,1592
7/30/2009,1611.14
7/31/2009,1612.31
8/3/2009,1637.06
8/4/2009,1642.03
8/5/2009,1637.81
8/6/2009,1628.82
8/7/2009,1650.73
8/10/2009,1645.26
8/11/2009,1624.91
8/12/2009,1644.23
8/13/2009,1655.66
8/14/2009,1641.54
8/17/2009,1602.06
8/18/2009,1618.6
8/19/2009,1629.92
8/20/2009,1647.85
8/21/2009,1678.84
8/24/2009,1677.94
8/25/2009,1681.92
8/26/2009,1682.29
8/27/2009,1687.16
8/28/2009,1684.05
8/31/2009,1670.52
9/1/2009,1633.63
9/2/2009,1628.66
9/3/2009,1642.68
9/4/2009,1664.34
9/8/2009,1679.32
9/9/2009,1692.48
9/10/2009,1710.14
9/11/2009,1708.19
9/14/2009,1719.04
9/15/2009,1724.45
9/16/2009,1750.91
9/17/2009,1745.8
9/18/2009,1750.43
9/21/2009,1744.47
9/22/2009,1755.99
9/23/2009,1738.32
9/24/2009,1722.02
9/25/2009,1711.53
9/28/2009,1742.32
9/29/2009,1738.48
9/30/2009,1732.86
10/1/2009,1688.24
10/2/2009,1680.7
10/5/2009,1705.73
10/6/2009,1729.14
10/7/2009,1734.74
10/8/2009,1747.7
10/9/2009,1757.6
10/12/2009,1765.31
10/13/2009,1760.51
10/14/2009,1791.47
10/15/2009,1798.91
10/16/2009,1784.35
10/19/2009,1801.12
10/20/2009,1789.93
10/21/2009,1774.33
10/22/2009,1793.34
10/23/2009,1771.5
10/26/2009,1750.75
10/27/2009,1744.95
10/28/2009,1711.09
10/29/2009,1749.76
10/30/2009,1700.67
11/2/2009,1711.65
11/3/2009,1715.81
11/4/2009,1718.21
11/5/2009,1751.45
11/6/2009,1756.07
11/9/2009,1795.56
11/10/2009,1795.9
11/11/2009,1804.93
11/12/2009,1786.66
11/13/2009,1796.93
11/16/2009,1823.29
11/17/2009,1825.18
11/18/2009,1824.61
11/19/2009,1800.12
11/20/2009,1794.65
11/23/2009,1819.17
11/24/2009,1818.31
11/25/2009,1826.74
11/27/2009,1795.7
11/30/2009,1802.68
12/1/2009,1824.54
12/2/2009,1825.4
12/3/2009,1810.13
12/4/2009,1820.11
12/7/2009,1815.7
12/8/2009,1797.31
12/9/2009,1804.1
12/10/2009,1814.81
12/11/2009,1821.8
12/14/2009,1834.55
12/15/2009,1824.37
12/16/2009,1826.45
12/17/2009,1804.96
12/18/2009,1815.5
12/21/2009,1834.59
12/22/2009,1841.17
12/23/2009,1845.8
12/24/2009,1855.5
12/28/2009,1857.89
12/29/2009,1855.61
12/30/2009,1856.14
12/31/2009,1837.5
1/4/2010,1867.06
1/5/2010,1872.9
1/6/2010,1874.73
1/7/2010,1882.34
1/8/2010,1887.77
1/11/2010,1891.06
1/12/2010,1873.32
1/13/2010,1889.1
1/14/2010,1893.72
1/15/2010,1873.3
1/19/2010,1896.72
1/20/2010,1876.9
1/21/2010,1841.39
1/22/2010,1800.61
1/25/2010,1808.93
1/26/2010,1801.34
1/27/2010,1810.21
1/28/2010,1788.97
1/29/2010,1771.4
2/1/2010,1796.67
2/2/2010,1819.99
2/3/2010,1810.64
2/4/2010,1754.3
2/5/2010,1759.38
2/8/2010,1744.37
2/9/2010,1767.18
2/10/2010,1763.69
2/11/2010,1781.01
2/12/2010,1776.5
2/16/2010,1808.72
2/17/2010,1816.7
2/18/2010,1828.81
2/19/2010,1833.09
2/22/2010,1831.21
2/23/2010,1809.05
2/24/2010,1826.99
2/25/2010,1823.64
2/26/2010,1826.27
3/1/2010,1844.87
3/2/2010,1849.17
3/3/2010,1850.24
3/4/2010,1857.2
3/5/2010,1883.28
3/8/2010,1883.29
3/9/2010,1886.6
3/10/2010,1895.38
3/11/2010,1903.68
3/12/2010,1903.29
3/15/2010,1904.19
3/16/2010,1919.02
3/17/2010,1930.22
3/18/2010,1929.63
3/19/2010,1919.8
3/22/2010,1929.64
3/23/2010,1943.7
3/24/2010,1933.04
3/25/2010,1929.75
3/26/2010,1931.18
3/29/2010,1942.51
3/30/2010,1942.81
3/31/2010,1936.48
4/1/2010,1950.91
4/5/2010,1966.44
4/6/2010,1969.76
4/7/2010,1959.04
4/8/2010,1965.72
4/9/2010,1978.86
4/12/2010,1982.4
4/13/2010,1983.91
4/14/2010,2006.06
4/15/2010,2007.74
4/16/2010,1975.36
4/19/2010,1984.32
4/20/2010,2000.33
4/21/2010,1998.31
4/22/2010,2002.93
4/23/2010,2017.19
4/26/2010,2008.55
4/27/2010,1961.6
4/28/2010,1974.63
4/29/2010,2000.34
4/30/2010,1967.05
5/3/2010,1992.87
5/4/2010,1945.37
5/5/2010,1933.25
5/6/2010,1870.95
5/7/2010,1842.32
5/10/2010,1923.39
5/11/2010,1917.25
5/12/2010,1944.25
5/13/2010,1920.76
5/14/2010,1884.67
5/17/2010,1887.11
5/18/2010,1860.65
5/19/2010,1851.28
5/20/2010,1779.3
5/21/2010,1806.05
5/24/2010,1782.77
5/25/2010,1783.4
5/26/2010,1773.65
5/27/2010,1832.61
5/28/2010,1809.98
6/1/2010,1778.99
6/2/2010,1825.25
6/3/2010,1832.72
6/4/2010,1769.72
6/7/2010,1745.87
6/8/2010,1765.29
6/9/2010,1754.91
6/10/2010,1806.69
6/11/2010,1815.26
6/14/2010,1812.02
6/15/2010,1854.61
6/16/2010,1853.62
6/17/2010,1856.25
6/18/2010,1858.7
6/21/2010,1851.55
6/22/2010,1822.05
6/23/2010,1816.65
6/24/2010,1786.13
6/25/2010,1791.24
6/28/2010,1787.94
6/29/2010,1732.55
6/30/2010,1715.23
7/1/2010,1709.77
7/2/2010,1701.86
7/6/2010,1710.97
7/7/2010,1765.42
7/8/2010,1782.1
7/9/2010,1794.94
7/12/2010,1796.3
7/13/2010,1824.07
7/14/2010,1823.82
7/15/2010,1826
7/16/2010,1773.43
7/19/2010,1784.06
7/20/2010,1804.48
7/21/2010,1781.6
7/22/2010,1821.76
7/23/2010,1836.75
7/26/2010,1857.34
7/27/2010,1855.39
7/28/2010,1842.66
7/29/2010,1835.29
7/30/2010,1835.4
8/2/2010,1875.85
8/3/2010,1866.87
8/4/2010,1878.81
8/5/2010,1876.51
8/6/2010,1869.77
8/9/2010,1880.06
8/10/2010,1868.88
8/11/2010,1817.13
8/12/2010,1807.61
8/13/2010,1800.39
8/16/2010,1800.7
8/17/2010,1823.18
8/18/2010,1826.14
8/19/2010,1795.24
8/20/2010,1788.67
8/23/2010,1781.47
8/24/2010,1755.65
8/25/2010,1761.62
8/26/2010,1748.14
8/27/2010,1777.6
8/30/2010,1751.79
8/31/2010,1752.55
9/1/2010,1804.46
9/2/2010,1820.98
9/3/2010,1845.1
9/7/2010,1824.05
9/8/2010,1836.21
9/9/2010,1845.09
9/10/2010,1854.1
9/13/2010,1875.41
9/14/2010,1874.07
9/15/2010,1880.74
9/16/2010,1880.37
9/17/2010,1881.93
9/20/2010,1910.6
9/21/2010,1905.74
9/22/2010,1896.77
9/23/2010,1880.97
9/24/2010,1920.84
9/27/2010,1909.98
9/28/2010,1919.59
9/29/2010,1914.84
9/30/2010,1908.95
10/1/2010,1917.42
10/4/2010,1902.15
10/5/2010,1941.82
10/6/2010,1941.5
10/7/2010,1938.31
10/8/2010,1950.18
10/11/2010,1950.47
10/12/2010,1957.92
10/13/2010,1972.08
10/14/2010,1964.9
10/15/2010,1968.87
10/18/2010,1983.17
10/19/2010,1951.67
10/20/2010,1972.51
10/21/2010,1976.12
10/22/2010,1980.83
10/25/2010,1985.11
10/26/2010,1985.13
10/27/2010,1980.05
10/28/2010,1982.45
10/29/2010,1981.59
11/1/2010,1983.47
11/2/2010,1998.86
11/3/2010,2006.58
11/4/2010,2045.62
11/5/2010,2053.77
11/8/2010,2049.69
11/9/2010,2033.85
11/10/2010,2043.16
11/11/2010,2034.48
11/12/2010,2010.57
11/15/2010,2008.25
11/16/2010,1976.26
11/17/2010,1977
11/18/2010,2007.38
11/19/2010,2012.59
11/22/2010,2009.52
11/23/2010,1980.89
11/24/2010,2010.56
11/26/2010,1996.03
11/29/2010,1993.83
11/30/2010,1981.84
12/1/2010,2024.97
12/2/2010,2050.96
12/3/2010,2056.4
12/6/2010,2053.8
12/7/2010,2054.89
12/8/2010,2063.03
12/9/2010,2071.12
12/10/2010,2083.57
12/13/2010,2084
12/14/2010,2085.93
12/15/2010,2075.29
12/16/2010,2088.19
12/17/2010,2089.95
12/20/2010,2095.32
12/21/2010,2108.26
12/22/2010,2115.69
12/23/2010,2112.37
12/27/2010,2113.67
12/28/2010,2115.32
12/29/2010,2117.83
12/30/2010,2114.7
12/31/2010,2114.29
1/3/2011,2138.3
1/4/2011,2135.53
1/5/2011,2146.5
1/6/2011,2142.76
1/7/2011,2138.81
1/10/2011,2135.86
1/11/2011,2143.82
1/12/2011,2163.36
1/13/2011,2159.66
1/14/2011,2175.68
1/18/2011,2178.72
1/19/2011,2156.97
1/20/2011,2154.18
1/21/2011,2159.43
1/24/2011,2172.03
1/25/2011,2172.67
1/26/2011,2181.92
1/27/2011,2186.93
1/28/2011,2147.95
1/31/2011,2164.4
2/1/2011,2200.54
2/2/2011,2194.94
2/3/2011,2200.42
2/4/2011,2206.8
2/7/2011,2220.6
2/8/2011,2230.59
2/9/2011,2224.64
2/10/2011,2226.51
2/11/2011,2239.08
2/14/2011,2244.89
2/15/2011,2237.9
2/16/2011,2252.3
2/17/2011,2259.42
2/18/2011,2263.79
2/22/2011,2217.35
2/23/2011,2203.89
2/24/2011,2202.23
2/25/2011,2226.05
2/28/2011,2238.55
3/1/2011,2203.32
3/2/2011,2207.24
3/3/2011,2245.33
3/4/2011,2228.78
3/7/2011,2210.26
3/8/2011,2230.4
3/9/2011,2227.7
3/10/2011,2185.65
3/11/2011,2201.81
3/14/2011,2188.56
3/15/2011,2164.06
3/16/2011,2121.94
3/17/2011,2150.43
3/18/2011,2159.69
3/21/2011,2192.09
3/22/2011,2184.57
3/23/2011,2190.96
3/24/2011,2211.42
3/25/2011,2218.42
3/28/2011,2212.32
3/29/2011,2228.41
3/30/2011,2243.55
3/31/2011,2239.44
4/1/2011,2250.58
4/4/2011,2251.64
4/5/2011,2251.26
4/6/2011,2257.11
4/7/2011,2253.76
4/8/2011,2244.74
4/11/2011,2238.51
4/12/2011,2221.12
4/13/2011,2221.77
4/14/2011,2221.99
4/15/2011,2230.7
4/18/2011,2206.15
4/19/2011,2218.86
4/20/2011,2248.9
4/21/2011,2260.84
4/25/2011,2257.24
4/26/2011,2277.51
4/27/2011,2292.13
4/28/2011,2300.46
4/29/2011,2305.76
5/2/2011,2301.72
5/3/2011,2293.95
5/4/2011,2278.63
5/5/2011,2258.08
5/6/2011,2266.97
5/9/2011,2277.3
5/10/2011,2295.72
5/11/2011,2271.47
5/12/2011,2282.84
5/13/2011,2264.52
5/16/2011,2250.61
5/17/2011,2250.35
5/18/2011,2270.57
5/19/2011,2275.71
5/20/2011,2258.21
5/23/2011,2231.31
5/24/2011,2229.49
5/25/2011,2236.75
5/26/2011,2246.13
5/27/2011,2255.74
5/31/2011,2279.66
6/1/2011,2227.96
6/2/2011,2225.36
6/3/2011,2203.81
6/6/2011,2180.14
6/7/2011,2178.15
6/8/2011,2169.5
6/9/2011,2185.52
6/10/2011,2155
6/13/2011,2157.15
6/14/2011,2184.48
6/15/2011,2146.45
6/16/2011,2150.58
6/17/2011,2157.14
6/20/2011,2168.8
6/21/2011,2198.15
6/22/2011,2184.03
6/23/2011,2177.85
6/24/2011,2152.31
6/27/2011,2172.08
6/28/2011,2200.68
6/29/2011,2219.2
6/30/2011,2241.66
7/1/2011,2274.26
7/5/2011,2271.29
7/6/2011,2274.42
7/7/2011,2298.31
7/8/2011,2282.32
7/11/2011,2241.07
7/12/2011,2231.15
7/13/2011,2238.29
7/14/2011,2223.29
7/15/2011,2235.65
7/18/2011,2217.55
7/19/2011,2253.71
7/20/2011,2252.52
7/21/2011,2283.23
7/22/2011,2285.34
7/25/2011,2272.47
7/26/2011,2263.15
7/27/2011,2217.29
7/28/2011,2210.33
7/29/2011,2196.08
8/1/2011,2187
8/2/2011,2131.1
8/3/2011,2142.56
8/4/2011,2040.2
8/5/2011,2039.04
8/8/2011,1903.47
8/9/2011,1993.76
8/10/2011,1906.53
8/11/2011,1995.14
8/12/2011,2005.67
8/15/2011,2049.51
8/16/2011,2029.92
8/17/2011,2032.41
8/18/2011,1941.92
8/19/2011,1912.77
8/22/2011,1913.27
8/23/2011,1978.89
8/24/2011,2005.13
8/25/2011,1973.96
8/26/2011,2004.11
8/29/2011,2061.05
8/30/2011,2066.37
8/31/2011,2076.78
9/1/2011,2052.3
9/2/2011,2000.5
9/6/2011,1985.67
9/7/2011,2043.05
9/8/2011,2021.42
9/9/2011,1967.47
9/12/2011,1981.3
9/13/2011,2000.08
9/14/2011,2027.04
9/15/2011,2062.25
9/16/2011,2074.06
9/19/2011,2053.74
9/20/2011,2050.39
9/21/2011,1990.2
9/22/2011,1926.76
9/23/2011,1938.73
9/26/2011,1983.97
9/27/2011,2005.19
9/28/2011,1964.2
9/29/2011,1980.23
9/30/2011,1930.79
10/3/2011,1875.95
10/4/2011,1918.39
10/5/2011,1953.67
10/6/2011,1989.61
10/7/2011,1973.42
10/10/2011,2040.76
10/11/2011,2041.9
10/12/2011,2062.22
10/13/2011,2056.26
10/14/2011,2091.99
10/17/2011,2051.54
10/18/2011,2093.43
10/19/2011,2067.28
10/20/2011,2076.75
10/21/2011,2115.86
10/24/2011,2143.13
10/25/2011,2100.17
10/26/2011,2122.32
10/27/2011,2195.22
10/28/2011,2196.13
10/31/2011,2141.81
11/1/2011,2081.97
11/2/2011,2115.7
11/3/2011,2155.87
11/4/2011,2142.34
11/7/2011,2156
11/8/2011,2182.61
11/9/2011,2102.72
11/10/2011,2121.14
11/11/2011,2162.48
11/14/2011,2142.09
11/15/2011,2152.8
11/16/2011,2117.64
11/17/2011,2082.1
11/18/2011,2081.42
11/21/2011,2042.71
11/22/2011,2034.41
11/23/2011,1989.54
11/25/2011,1984.5
11/28/2011,2042.8
11/29/2011,2048.06
11/30/2011,2137.08
12/1/2011,2133.07
12/2/2011,2132.64
12/5/2011,2154.68
12/6/2011,2157.1
12/7/2011,2162.07
12/8/2011,2116.41
12/9/2011,2152.15
12/12/2011,2120.15
12/13/2011,2102.15
12/14/2011,2078.51
12/15/2011,2085.44
12/16/2011,2092.18
12/19/2011,2067.67
12/20/2011,2129.67
12/21/2011,2133.86
12/22/2011,2152.04
12/23/2011,2171.5
12/27/2011,2171.71
12/28/2011,2145.09
12/29/2011,2168.12
12/30/2011,2158.94
1/3/2012,2192.4
1/4/2012,2193.28
1/5/2012,2199.73
1/6/2012,2194.98
1/9/2012,2200
1/10/2012,2219.58
1/11/2012,2220.48
1/12/2012,2225.74
1/13/2012,2214.73
1/17/2012,2222.59
1/18/2012,2247.64
1/19/2012,2258.8
1/20/2012,2260.37
1/23/2012,2261.47
1/24/2012,2259.22
1/25/2012,2278.83
1/26/2012,2265.84
1/27/2012,2262.35
1/30/2012,2256.72
1/31/2012,2255.69
2/1/2012,2276.24
2/2/2012,2278.92
2/3/2012,2312.49
2/6/2012,2311.55
2/7/2012,2316.27
2/8/2012,2322.11
2/9/2012,2325.56
2/10/2012,2309.6
2/13/2012,2325.81
2/14/2012,2324
2/15/2012,2312.28
2/16/2012,2338.12
2/17/2012,2343.67
2/21/2012,2345.41
2/22/2012,2337.67
2/23/2012,2348.11
2/24/2012,2352.34
2/27/2012,2355.74
2/28/2012,2364.03
2/29/2012,2353.23
3/1/2012,2367.87
3/2/2012,2360.28
3/5/2012,2351.28
3/6/2012,2315.21
3/7/2012,2331.89
3/8/2012,2355.01
3/9/2012,2363.56
3/12/2012,2364.1
3/13/2012,2407.79
3/14/2012,2404.98
3/15/2012,2419.37
3/16/2012,2422.09
3/19/2012,2431.73
3/20/2012,2424.46
3/21/2012,2420.02
3/22/2012,2402.71
3/23/2012,2410.16
3/26/2012,2443.64
3/27/2012,2437.01
3/28/2012,2425.55
3/29/2012,2421.7
3/30/2012,2430.67
4/2/2012,2449.08
4/3/2012,2439.89
4/4/2012,2415.05
4/5/2012,2414.4
4/9/2012,2387.03
4/10/2012,2346.27
4/11/2012,2364.09
4/12/2012,2396.69
4/13/2012,2366.84
4/16/2012,2365.65
4/17/2012,2402.29
4/18/2012,2392.57
4/19/2012,2378.48
4/20/2012,2381.32
4/23/2012,2361.35
4/24/2012,2370.04
4/25/2012,2402.71
4/26/2012,2418.89
4/27/2012,2424.78
4/30/2012,2415.42
5/1/2012,2429.1
5/2/2012,2423.29
5/3/2012,2405.17
5/4/2012,2366.39
5/7/2012,2367.26
5/8/2012,2357.45
5/9/2012,2342.31
5/10/2012,2348.93
5/11/2012,2341.23
5/14/2012,2315.45
5/15/2012,2302.56
5/16/2012,2293.21
5/17/2012,2258.93
5/18/2012,2242.25
5/21/2012,2278.24
5/22/2012,2279.4
5/23/2012,2283.36
5/24/2012,2286.87
5/25/2012,2281.92
5/29/2012,2307.57
5/30/2012,2275.19
5/31/2012,2270.25
6/1/2012,2214.41
6/4/2012,2214.7
6/5/2012,2227.45
6/6/2012,2279.42
6/7/2012,2279.28
6/8/2012,2297.82
6/11/2012,2268.94
6/12/2012,2295.4
6/13/2012,2280.13
6/14/2012,2304.83
6/15/2012,2328.66
6/18/2012,2332.07
6/19/2012,2355.01
6/20/2012,2351.14
6/21/2012,2299.16
6/22/2012,2315.65
6/25/2012,2278.98
6/26/2012,2289.86
6/27/2012,2310.98
6/28/2012,2306.22
6/29/2012,2363.79
7/2/2012,2369.75
7/3/2012,2385.06
7/5/2012,2373.91
7/6/2012,2352.34
7/9/2012,2348.52
7/10/2012,2329.46
7/11/2012,2329.71
7/12/2012,2318.09
7/13/2012,2356.4
7/16/2012,2350.94
7/17/2012,2368.36
7/18/2012,2384.54
7/19/2012,2391.27
7/20/2012,2367.26
7/23/2012,2346.22
7/24/2012,2325.02
7/25/2012,2324.33
7/26/2012,2362.85
7/27/2012,2408.07
7/30/2012,2406.99
7/31/2012,2396.62
8/1/2012,2389.73
8/2/2012,2372.31
8/3/2012,2417.77
8/6/2012,2423.46
8/7/2012,2435.88
8/8/2012,2438.16
8/9/2012,2440.23
8/10/2012,2445.64
8/13/2012,2443.05
8/14/2012,2443.16
8/15/2012,2446.82
8/16/2012,2464.38
8/17/2012,2469
8/20/2012,2468.99
8/21/2012,2460.41
8/22/2012,2461.12
8/23/2012,2441.29
8/24/2012,2457.4
8/27/2012,2456.22
8/28/2012,2454.39
8/29/2012,2457.05
8/30/2012,2438.2
8/31/2012,2450.6
9/4/2012,2447.8
9/5/2012,2445.81
9/6/2012,2496.12
9/7/2012,2506.37
9/10/2012,2491.11
9/11/2012,2498.95
9/12/2012,2504.84
9/13/2012,2546.03
9/14/2012,2556.13
9/17/2012,2548.26
9/18/2012,2545.05
9/19/2012,2548.11
9/20/2012,2547.11
9/21/2012,2546.92
9/24/2012,2541.23
9/25/2012,2514.83
9/26/2012,2500.92
9/27/2012,2525.23
9/28/2012,2513.93
10/1/2012,2520.71
10/2/2012,2523.08
10/3/2012,2532.79
10/4/2012,2550.98
10/5/2012,2551.03
10/8/2012,2542.21
10/9/2012,2517.14
10/10/2012,2501.75
10/11/2012,2502.66
10/12/2012,2495.28
10/15/2012,2515.44
10/16/2012,2541.28
10/17/2012,2552.05
10/18/2012,2545.95
10/19/2012,2503.8
10/22/2012,2504.96
10/23/2012,2468.78
10/24/2012,2461.18
10/25/2012,2468.6
10/26/2012,2466.8
10/31/2012,2467.51
11/1/2012,2494.67
11/2/2012,2471.3
11/5/2012,2476.94
11/6/2012,2496.46
11/7/2012,2439.48
11/8/2012,2409.72
11/9/2012,2413.92
11/12/2012,2414.24
11/13/2012,2405.38
11/14/2012,2372.94
11/15/2012,2369.32
11/16/2012,2381.02
11/19/2012,2428.47
11/20/2012,2430.29
11/21/2012,2435.97
11/23/2012,2468.06
11/26/2012,2463.12
11/27/2012,2450.48
11/28/2012,2470.47
11/29/2012,2481.42
11/30/2012,2481.82
12/3/2012,2470.07
12/4/2012,2465.9
12/5/2012,2470.59
12/6/2012,2479.4
12/7/2012,2486.84
12/10/2012,2487.78
12/11/2012,2504.08
12/12/2012,2505.76
12/13/2012,2490.56
12/14/2012,2480.36
12/17/2012,2509.84
12/18/2012,2538.72
12/19/2012,2519.54
12/20/2012,2533.91
12/21/2012,2510.32
12/24/2012,2504.51
12/26/2012,2492.54
12/27/2012,2489.97
12/28/2012,2462.71
12/31/2012,2504.44
1/2/2013,2568.55
1/3/2013,2563.19
1/4/2013,2575.66
1/7/2013,2567.63
1/8/2013,2560.17
1/9/2013,2567.02
1/10/2013,2586.52
1/11/2013,2586.69
1/14/2013,2584.27
1/15/2013,2587.2
1/16/2013,2588.02
1/17/2013,2602.64
1/18/2013,2611.54
1/22/2013,2623.22
1/23/2013,2627.23
1/24/2013,2627.33
1/25/2013,2641.64
1/28/2013,2636.83
1/29/2013,2650.43
1/30/2013,2640.77
1/31/2013,2634.16
2/1/2013,2660.7
2/4/2013,2630.05
2/5/2013,2657.76
2/6/2013,2659.55
2/7/2013,2655.84
2/8/2013,2670.85
2/11/2013,2669.37
2/12/2013,2673.77
2/13/2013,2676.6
2/14/2013,2678.77
2/15/2013,2676.21
2/19/2013,2696.26
2/20/2013,2662.94
2/21/2013,2646.75
2/22/2013,2670.36
2/25/2013,2621.46
2/26/2013,2637.89
2/27/2013,2672.11
2/28/2013,2669.92
3/1/2013,2676.18
3/4/2013,2688.54
3/5/2013,2714.35
3/6/2013,2718.07
3/7/2013,2723.27
3/8/2013,2735.67
3/11/2013,2744.81
3/12/2013,2738.35
3/13/2013,2742.87
3/14/2013,2758.3
3/15/2013,2753.82
3/18/2013,2738.68
3/19/2013,2732.09
3/20/2013,2750.42
3/21/2013,2727.69
3/22/2013,2747.25
3/25/2013,2738.08
3/26/2013,2760.32
3/27/2013,2758.85
3/28/2013,2770.05
4/1/2013,2757.83
4/2/2013,2772.11
4/3/2013,2743.38
4/4/2013,2754.67
4/5/2013,2742.86
4/8/2013,2761.05
4/9/2013,2770.84
4/10/2013,2804.81
4/11/2013,2815.02
4/12/2013,2807.1
4/15/2013,2742.63
4/16/2013,2781.86
4/17/2013,2742.01
4/18/2013,2723.72
4/19/2013,2747.94
4/22/2013,2760.8
4/23/2013,2789.56
4/24/2013,2789.93
4/25/2013,2801.28
4/26/2013,2796.24
4/29/2013,2816.39
4/30/2013,2823.42
5/1/2013,2797.28
5/2/2013,2823.82
5/3/2013,2853.88
5/6/2013,2859.34
5/7/2013,2874.46
5/8/2013,2887.61
5/9/2013,2878.3
5/10/2013,2890.77
5/13/2013,2891.17
5/14/2013,2921.12
5/15/2013,2936.98
5/16/2013,2922.4
5/17/2013,2952.56
5/20/2013,2950.53
5/21/2013,2955.69
5/22/2013,2931.58
5/23/2013,2923.43
5/24/2013,2921.88
5/28/2013,2940.45
5/29/2013,2920.18
5/30/2013,2931.39
5/31/2013,2889.46
6/3/2013,2906.91
6/4/2013,2891.02
6/5/2013,2851.89
6/6/2013,2876.5
6/7/2013,2913.46
6/10/2013,2912.63
6/11/2013,2883.07
6/12/2013,2859.62
6/13/2013,2902.32
6/14/2013,2885.24
6/17/2013,2907.12
6/18/2013,2929.81
6/19/2013,2889.25
6/20/2013,2817.44
6/21/2013,2824.97
6/24/2013,2790.66
6/25/2013,2817.44
6/26/2013,2845.04
6/27/2013,2862.92
6/28/2013,2850.66
7/1/2013,2866.41
7/2/2013,2865.48
7/3/2013,2867.85
7/5/2013,2897.12
7/8/2013,2913.2
7/9/2013,2934.31
7/10/2013,2934.97
7/11/2013,2975.06
7/12/2013,2984.24
7/15/2013,2988.35
7/16/2013,2977.26
7/17/2013,2985.85
7/18/2013,3001.21
7/19/2013,3006.13
7/22/2013,3012.3
7/23/2013,3006.72
7/24/2013,2995.3
7/25/2013,3003.01
7/26/2013,3005.51
7/29/2013,2994.45
7/30/2013,2995.68
7/31/2013,2995.72
8/1/2013,3033.59
8/2/2013,3038.63
8/5/2013,3034.43
8/6/2013,3017.16
8/7/2013,3006.63
8/8/2013,3019
8/9/2013,3008.79
8/12/2013,3005.42
8/13/2013,3014.43
8/14/2013,2999.42
8/15/2013,2957.08
8/16/2013,2947.46
8/19/2013,2930.27
8/20/2013,2941.58
8/21/2013,2924.73
8/22/2013,2949.96
8/23/2013,2962.06
8/26/2013,2950.13
8/27/2013,2903.29
8/28/2013,2911.83
8/29/2013,2917.96
8/30/2013,2908.96
9/3/2013,2921.23
9/4/2013,2945.62
9/5/2013,2949.27
9/6/2013,2949.8
9/9/2013,2979.45
9/10/2013,3001.36
9/11/2013,3010.94
9/12/2013,3001.62
9/13/2013,3009.79
9/16/2013,3026.94
9/17/2013,3039.75
9/18/2013,3076.81
9/19/2013,3071.61
9/20/2013,3049.47
9/23/2013,3035.09
9/24/2013,3027.52
9/25/2013,3019.31
9/26/2013,3030.41
9/27/2013,3018.24
9/30/2013,3000.18
10/1/2013,3024.38
10/2/2013,3022.95
10/3/2013,2995.81
10/4/2013,3017.05
10/7/2013,2991.39
10/8/2013,2955.41
10/9/2013,2957.4
10/10/2013,3022.43
10/11/2013,3041.43
10/14/2013,3053.84
10/15/2013,3032.27
10/16/2013,3074.54
10/17/2013,3095.42
10/18/2013,3115.77
10/21/2013,3116.09
10/22/2013,3133.98
10/23/2013,3119.2
10/24/2013,3129.41
10/25/2013,3143.16
10/28/2013,3147.36
10/29/2013,3165.11
10/30/2013,3149.93
10/31/2013,3138.09
11/1/2013,3147.21
11/4/2013,3158.47
11/5/2013,3149.96
11/6/2013,3165.13
11/7/2013,3124.12
11/8/2013,3166.11
11/11/2013,3168.41
11/12/2013,3161.1
11/13/2013,3187.64
11/14/2013,3203.65
11/15/2013,3217.2
11/18/2013,3205.46
11/19/2013,3199.51
11/20/2013,3188.04
11/21/2013,3214.16
11/22/2013,3230.54
11/25/2013,3226.53
11/26/2013,3227.36
11/27/2013,3236.14
11/29/2013,3233.72
12/2/2013,3225.06
12/3/2013,3214.95
12/4/2013,3211.59
12/5/2013,3197.76
12/6/2013,3233.99
12/9/2013,3239.99
12/10/2013,3229.72
12/11/2013,3193.52
12/12/2013,3182.33
12/13/2013,3182.07
12/16/2013,3202.22
12/17/2013,3192.33
12/18/2013,3245.59
12/19/2013,3244.15
12/20/2013,3259.79
12/23/2013,3277.62
12/24/2013,3287.55
12/26/2013,3303.15
12/27/2013,3302.66
12/30/2013,3302.3
12/31/2013,3315.59
1/2/2014,3286.69
1/3/2014,3285.68
1/6/2014,3277.48
1/7/2014,3297.45
1/8/2014,3297.74
1/9/2014,3298.87
1/10/2014,3306.49
1/13/2014,3265.27
1/14/2014,3300.61
1/15/2014,3317.75
1/16/2014,3313.36
1/17/2014,3300.51
1/21/2014,3309.74
1/22/2014,3312.04
1/23/2014,3282.64
1/24/2014,3214.13
1/27/2014,3198.57
1/28/2014,3218.21
1/29/2014,3185.7
1/30/2014,3221.78
1/31/2014,3200.95
2/3/2014,3127.87
2/4/2014,3151.94
2/5/2014,3146.49
2/6/2014,3187.25
2/7/2014,3229.64
2/10/2014,3234.79
2/11/2014,3270.74
2/12/2014,3271.47
2/13/2014,3290.82
2/14/2014,3306.92
2/18/2014,3311.27
2/19/2014,3289.83
2/20/2014,3310.27
2/21/2014,3304.36
2/24/2014,3324.84
2/25/2014,3320.43
2/26/2014,3321.15
2/27/2014,3338.05
2/28/2014,3347.38
3/3/2014,3322.85
3/4/2014,3373.64
3/5/2014,3374.1
3/6/2014,3380.49
3/7/2014,3382.57
3/10/2014,3381.22
3/11/2014,3364.17
3/12/2014,3366.07
3/13/2014,3327.11
3/14/2014,3317.81
3/17/2014,3349.71
3/18/2014,3373.98
3/19/2014,3353.29
3/20/2014,3373.6
3/21/2014,3363.72
3/24/2014,3347.36
3/25/2014,3362.44
3/26/2014,3339
3/27/2014,3333.23
3/28/2014,3348.83
3/31/2014,3375.51
4/1/2014,3399.51
4/2/2014,3409.8
4/3/2014,3406
4/4/2014,3363.41
4/7/2014,3327.27
4/8/2014,3340.84
4/9/2014,3377.61
4/10/2014,3307.08
4/11/2014,3276.04
4/14/2014,3302.98
4/15/2014,3325.3
4/16/2014,3360.27
4/17/2014,3365
4/21/2014,3377.75
4/22/2014,3391.58
4/23/2014,3384.5
4/24/2014,3390.39
4/25/2014,3362.95
4/28/2014,3374.04
4/29/2014,3390.16
4/30/2014,3400.46
5/1/2014,3400.2
5/2/2014,3395.61
5/5/2014,3402.23
5/6/2014,3371.72
5/7/2014,3392.1
5/8/2014,3388.29
5/9/2014,3394.05
5/12/2014,3427.01
5/13/2014,3429.3
5/14/2014,3413.84
5/15/2014,3382.52
5/16/2014,3395.21
5/19/2014,3408.52
5/20/2014,3386.48
5/21/2014,3414.45
5/22/2014,3422.99
5/23/2014,3437.58
5/27/2014,3458.19
5/28/2014,3454.88
5/29/2014,3473.86
5/30/2014,3480.29
6/2/2014,3483.14
6/3/2014,3482
6/4/2014,3489.21
6/5/2014,3512.21
6/6/2014,3528.98
6/9/2014,3532.47
6/10/2014,3531.62
6/11/2014,3519.52
6/12/2014,3495.57
6/13/2014,3506.58
6/16/2014,3509.54
6/17/2014,3517.23
6/18/2014,3544.42
6/19/2014,3549.44
6/20/2014,3555.6
6/23/2014,3555.14
6/24/2014,3532.57
6/25/2014,3549.96
6/26/2014,3546.38
6/27/2014,3553.35
6/30/2014,3552.18
7/1/2014,3576.55
7/2/2014,3579.11
7/3/2014,3598.73
7/7/2014,3584.75
7/8/2014,3560.53
7/9/2014,3577.28
7/10/2014,3562.49
7/11/2014,3568.08
7/14/2014,3585.37
7/15/2014,3578.46
7/16/2014,3593.91
7/17/2014,3551.73
7/18/2014,3588.21
7/21/2014,3579.99
7/22/2014,3597.95
7/23/2014,3604.3
7/24/2014,3606.1
7/25/2014,3588.68
7/28/2014,3589.73
7/29/2014,3573.65
7/30/2014,3574.45
7/31/2014,3503.19
8/1/2014,3493.18
8/4/2014,3518.31
8/5/2014,3484.56
8/6/2014,3485.67
8/7/2014,3467.14
8/8/2014,3507.21
8/11/2014,3517.53
8/12/2014,3511.96
8/13/2014,3536.42
8/14/2014,3551.97
8/15/2014,3552.17
8/18/2014,3582.7
8/19/2014,3601.33
8/20/2014,3610.49
8/21/2014,3621.23
8/22/2014,3614.5
8/25/2014,3631.86
8/26/2014,3635.71
8/27/2014,3636.64
8/28/2014,3630.98
8/29/2014,3643.34
9/2/2014,3641.52
9/3/2014,3639.35
9/4/2014,3633.87
9/5/2014,3652.26
9/8/2014,3641.66
9/9/2014,3617.89
9/10/2014,3631.45
9/11/2014,3635.66
9/12/2014,3614.06
9/15/2014,3611.52
9/16/2014,3638.6
9/17/2014,3643.4
9/18/2014,3661.73
9/19/2014,3660.03
9/22/2014,3630.7
9/23/2014,3610.1
9/24/2014,3638.44
9/25/2014,3579.61
9/26/2014,3610.98
9/29/2014,3602.09
9/30/2014,3592.25
10/1/2014,3544.98
10/2/2014,3545.3
10/3/2014,3584.94
10/6/2014,3579.42
10/7/2014,3525.29
10/8/2014,3588.07
10/9/2014,3514.12
10/10/2014,3474.23
10/13/2014,3417.01
10/14/2014,3422.43
10/15/2014,3395.03
10/16/2014,3395.64
10/17/2014,3439.39
10/20/2014,3470.89
10/21/2014,3538.9
10/22/2014,3513.47
10/23/2014,3556.7
10/24/2014,3581.82
10/27/2014,3576.47
10/28/2014,3619.16
10/29/2014,3614.53
10/30/2014,3637.3
10/31/2014,3679.99
11/3/2014,3679.58
11/4/2014,3669.18
11/5/2014,3691.38
11/6/2014,3706.45
11/7/2014,3708.46
11/10/2014,3720.25
11/11/2014,3722.84
11/12/2014,3721.3
11/13/2014,3723.58
11/14/2014,3724.92
11/17/2014,3727.86
11/18/2014,3747.74
11/19/2014,3742.35
11/20/2014,3749.87
11/21/2014,3770.03
11/24/2014,3780.88
11/25/2014,3776.94
11/26/2014,3788.42
11/28/2014,3778.96
12/1/2014,3753.31
12/2/2014,3777.47
12/3/2014,3792.69
12/4/2014,3788.34
12/5/2014,3794.68
12/8/2014,3767.7
12/9/2014,3766.83
12/10/2014,3705.51
12/11/2014,3723.32
12/12/2014,3663.1
12/15/2014,3639.97
12/16/2014,3609.06
12/17/2014,3682.7
12/18/2014,3771.72
12/19/2014,3788.97
12/22/2014,3803.94
12/23/2014,3810.78
12/24/2014,3810.39
12/26/2014,3823
12/29/2014,3826.95
12/30/2014,3808.69
12/31/2014,3769.44
1/2/2015,3768.68
1/5/2015,3700.03
1/6/2015,3667.14
1/7/2015,3710.94
1/8/2015,3777.4
1/9/2015,3745.67
1/12/2015,3715.36
1/13/2015,3706.15
1/14/2015,3684.72
1/15/2015,3650.74
1/16/2015,3699.79
1/20/2015,3705.64
1/21/2015,3723.62
1/22/2015,3780.51
1/23/2015,3759.76
1/26/2015,3769.45
1/27/2015,3718.99
1/28/2015,3669.1
1/29/2015,3704.35
1/30/2015,3656.28
2/2/2015,3703.77
2/3/2015,3757.34
2/4/2015,3742.84
2/5/2015,3782.11
2/6/2015,3770.2
2/9/2015,3754.36
2/10/2015,3794.62
2/11/2015,3795.82
2/12/2015,3833.35
2/13/2015,3849.29
2/17/2015,3856.04
2/18/2015,3855
2/19/2015,3851.53
2/20/2015,3875.6
2/23/2015,3874.46
2/24/2015,3885.27
2/25/2015,3882.95
2/26/2015,3877.85
2/27/2015,3866.42
3/2/2015,3890.32
3/3/2015,3872.71
3/4/2015,3856.51
3/5/2015,3861.29
3/6/2015,3807.04
3/9/2015,3822.42
3/10/2015,3757.83
3/11/2015,3751.2
3/12/2015,3799.43
3/13/2015,3776.44
3/16/2015,3827.62
3/17/2015,3814.91
3/18/2015,3861.39
3/19/2015,3842.62
3/20/2015,3877.26
3/23/2015,3870.49
3/24/2015,3847.05
3/25/2015,3791.13
3/26/2015,3782.21
3/27/2015,3791.9
3/30/2015,3838.65
3/31/2015,3805.27
4/1/2015,3790.66
4/2/2015,3804.14
4/6/2015,3829.31
4/7/2015,3821.49
4/8/2015,3833.2
4/9/2015,3850.29
4/10/2015,3870.31
4/13/2015,3852.93
4/14/2015,3859.22
4/15/2015,3879.1
4/16/2015,3876.17
4/17/2015,3832.33
4/20/2015,3867.82
4/21/2015,3862.15
4/22/2015,3881.93
4/23/2015,3891.46
4/24/2015,3900.24
4/27/2015,3884.1
4/28/2015,3895.21
4/29/2015,3880.9
4/30/2015,3841.78
5/1/2015,3883.75
5/4/2015,3895.16
5/5/2015,3849.41
5/6/2015,3833.7
5/7/2015,3849.13
5/8/2015,3901.01
5/11/2015,3881.93
5/12/2015,3870.69
5/13/2015,3870.36
5/14/2015,3912.52
5/15/2015,3915.99
5/18/2015,3928.15
5/19/2015,3926.41
5/20/2015,3923.18
5/21/2015,3932.9
5/22/2015,3924.16
5/26/2015,3883.88
5/27/2015,3920.11
5/28/2015,3915.82
5/29/2015,3891.18
6/1/2015,3899.59
6/2/2015,3895.85
6/3/2015,3904.83
6/4/2015,3871.23
6/5/2015,3865.83
6/8/2015,3841.45
6/9/2015,3843.16
6/10/2015,3889.7
6/11/2015,3897.59
6/12/2015,3870.56
6/15/2015,3852.75
6/16/2015,3874.73
6/17/2015,3882.49
6/18/2015,3921.43
6/19/2015,3900.64
6/22/2015,3924.41
6/23/2015,3927.23
6/24/2015,3898.47
6/25/2015,3887.04
6/26/2015,3886.21
6/29/2015,3805.5
6/30/2015,3815.85
7/1/2015,3843.26
7/2/2015,3842.06
7/6/2015,3827.35
7/7/2015,3850.66
7/8/2015,3787.67
7/9/2015,3796.26
7/10/2015,3843.1
7/13/2015,3885.97
7/14/2015,3903.31
7/15/2015,3900.5
7/16/2015,3931.85
7/17/2015,3936.22
7/20/2015,3939.35
7/21/2015,3922.7
7/22/2015,3913.75
7/23/2015,3891.79
7/24/2015,3850.15
7/27/2015,3827.93
7/28/2015,3875.37
7/29/2015,3904.21
7/30/2015,3904.64
7/31/2015,3895.8
8/3/2015,3885.07
8/4/2015,3876.44
8/5/2015,3889.99
8/6/2015,3860.92
8/7/2015,3849.96
8/10/2015,3899.36
8/11/2015,3862.81
8/12/2015,3867.37
8/13/2015,3863.03
8/14/2015,3878.16
8/17/2015,3899.1
8/18/2015,3889.6
8/19/2015,3857.74
8/20/2015,3776.36
8/21/2015,3656.67
8/24/2015,3512.65
8/25/2015,3465.19
8/26/2015,3600.73
8/27/2015,3688.6
8/28/2015,3691.3
8/31/2015,3660.75
9/1/2015,3552.65
9/2/2015,3618.25
9/3/2015,3622.66
9/4/2015,3567.41
9/8/2015,3657.32
9/9/2015,3606.8
9/10/2015,3626.14
9/11/2015,3643.54
9/14/2015,3628.87
9/15/2015,3675.48
9/16/2015,3707.62
9/17/2015,3698.74
9/18/2015,3638.99
9/21/2015,3655.64
9/22/2015,3610.7
9/23/2015,3603.49
9/24/2015,3591.37
9/25/2015,3589.71
9/28/2015,3498.61
9/29/2015,3503.13
9/30/2015,3570.17
10/1/2015,3577.47
10/2/2015,3629.04
10/5/2015,3695.61
10/6/2015,3682.33
10/7/2015,3713.36
10/8/2015,3746.12
10/9/2015,3748.96
10/12/2015,3753.73
10/13/2015,3728.48
10/14/2015,3711.11
10/15/2015,3766.43
10/16/2015,3783.64
10/19/2015,3784.72
10/20/2015,3779.44
10/21/2015,3757.91
10/22/2015,3820.49
10/23/2015,3862.65
10/26/2015,3855.29
10/27/2015,3845.45
10/28/2015,3891.35
10/29/2015,3890.04
10/30/2015,3871.33
11/2/2015,3917.3
11/3/2015,3928.05
11/4/2015,3915.52
11/5/2015,3911.89
11/6/2015,3910.98
11/9/2015,3873.37
11/10/2015,3880.23
11/11/2015,3867.71
11/12/2015,3814.29
11/13/2015,3771.59
11/16/2015,3828.46
11/17/2015,3824.14
11/18/2015,3886.26
11/19/2015,3882.06
11/20/2015,3897.45
11/23/2015,3892.8
11/24/2015,3897.67
11/25/2015,3897.57
11/27/2015,3900.74
11/30/2015,3882.84
12/1/2015,3924.63
12/2/2015,3882.38
12/3/2015,3826.74
12/4/2015,3905.31
12/7/2015,3878.31
12/8/2015,3853.48
12/9/2015,3823.9
12/10/2015,3832.93
12/11/2015,3759.09
12/14/2015,3777.22
12/15/2015,3817.36
12/16/2015,3873.12
12/17/2015,3815.46
12/18/2015,3747.56
12/21/2015,3777.15
12/22/2015,3810.85
12/23/2015,3858.47
12/24/2015,3852.31
12/28/2015,3843.94
12/29/2015,3885.55
12/30/2015,3857.9
12/31/2015,3821.6
1/4/2016,3763.99
1/5/2016,3771.57
1/6/2016,3723.44
1/7/2016,3635.29
1/8/2016,3595.91
1/11/2016,3598.97
1/12/2016,3627.06
1/13/2016,3536.92
1/14/2016,3596.03
1/15/2016,3518.51
1/19/2016,3520.4
1/20/2016,3479.75
1/21/2016,3497.94
1/22/2016,3568.9
1/25/2016,3513.11
1/26/2016,3562.81
1/27/2016,3524.33
1/28/2016,3544.13
1/29/2016,3631.96
2/1/2016,3630.46
2/2/2016,3562.52
2/3/2016,3581.53
2/4/2016,3587.71
2/5/2016,3521.6
2/8/2016,3472.08
2/9/2016,3470.5
2/10/2016,3471.04
2/11/2016,3428.99
2/12/2016,3496.28
2/16/2016,3555.2
2/17/2016,3614.16
2/18/2016,3597.49
2/19/2016,3597.92
2/22/2016,3649.92
2/23/2016,3604.68
2/24/2016,3620.87
2/25/2016,3662.84
2/26/2016,3656.42
2/29/2016,3627.06
3/1/2016,3713.7
3/2/2016,3729.59
3/3/2016,3743.02
3/4/2016,3755.47
3/7/2016,3759.05
3/8/2016,3717.49
3/9/2016,3736.92
3/10/2016,3737.74
3/11/2016,3800.07
3/14/2016,3795.53
3/15/2016,3788.62
3/16/2016,3810.09
3/17/2016,3835.26
3/18/2016,3852.15
3/21/2016,3855.97
3/22/2016,3853.18
3/23/2016,3828.58
3/24/2016,3827.14
3/28/2016,3829.26
3/29/2016,3863.8
3/30/2016,3881.01
3/31/2016,3873.11
4/1/2016,3897.66
4/4/2016,3886
4/5/2016,3846.59
4/6/2016,3888.41
4/7/2016,3841.98
4/8/2016,3852.72
4/11/2016,3842.17
4/12/2016,3879.42
4/13/2016,3918.95
4/14/2016,3920.03
4/15/2016,3916.17
4/18/2016,3941.86
4/19/2016,3954.01
4/20/2016,3957.25
4/21/2016,3936.8
4/22/2016,3937
4/25/2016,3929.88
4/26/2016,3937.23
4/27/2016,3944.02
4/28/2016,3907.88
4/29/2016,3888.13
5/2/2016,3918.53
5/3/2016,3884.63
5/4/2016,3862.4
5/5/2016,3862.4
5/6/2016,3875.18
5/9/2016,3878.14
5/10/2016,3926.63
5/11/2016,3891.13
5/12/2016,3890.85
5/13/2016,3858.17
5/16/2016,3896.36
5/17/2016,3860.88
5/18/2016,3862.25
5/19/2016,3847.97
5/20/2016,3871.75
5/23/2016,3863.82
5/24/2016,3916.77
5/25/2016,3944.33
5/26/2016,3944.05
5/27/2016,3961.67
5/31/2016,3957.95
6/1/2016,3963.1
6/2/2016,3974.76
6/3/2016,3963.23
6/6/2016,3982.74
6/7/2016,3987.96
6/8/2016,4001.98
6/9/2016,3995.28
6/10/2016,3958.68
6/13/2016,3927.73
6/14/2016,3920.93
6/15/2016,3914.02
6/16/2016,3926.93
6/17/2016,3914.15
6/20/2016,3936.91
6/21/2016,3947.94
6/22/2016,3941.45
6/23/2016,3994.18
6/24/2016,3850.7
6/27/2016,3781.02
6/28/2016,3849.05
6/29/2016,3915.1
6/30/2016,3968.21
7/1/2016,3976.68
7/5/2016,3949.72
7/6/2016,3972.26
7/7/2016,3969.19
7/8/2016,4029.75
7/11/2016,4043.49
7/12/2016,4071.85
7/13/2016,4072.77
7/14/2016,4094.28
7/15/2016,4090.49
7/18/2016,4100.4
7/19/2016,4094.61
7/20/2016,4112.61
7/21/2016,4097.82
7/22/2016,4116.5
7/25/2016,4104.13
7/26/2016,4105.57
7/27/2016,4100.81
7/28/2016,4107.75
7/29/2016,4114.51
8/1/2016,4109.28
8/2/2016,4083.25
8/3/2016,4097.3
8/4/2016,4099.21
8/5/2016,4134.56
8/8/2016,4131.19
8/9/2016,4132.96
8/10/2016,4122.65
8/11/2016,4142.72
8/12/2016,4139.63
8/15/2016,4151.69
8/16/2016,4129.68
8/17/2016,4138.42
8/18/2016,4147.64
8/19/2016,4142.23
8/22/2016,4139.97
8/23/2016,4148.16
8/24/2016,4126.65
8/25/2016,4121.09
8/26/2016,4114.68
8/29/2016,4136.75
8/30/2016,4129.34
8/31/2016,4120.29
9/1/2016,4120.17
9/2/2016,4137.7
9/6/2016,4150.11
9/7/2016,4150.51
9/8/2016,4141.46
9/9/2016,4039.95
9/12/2016,4099.47
9/13/2016,4039.92
9/14/2016,4037.83
9/15/2016,4079.32
9/16/2016,4063.97
9/19/2016,4063.94
9/20/2016,4065.2
9/21/2016,4109.63
9/22/2016,4136.41
9/23/2016,4112.69
9/26/2016,4077.71
9/27/2016,4104.18
9/28/2016,4126.83
9/29/2016,4088.47
9/30/2016,4121.06
10/3/2016,4108.13
10/4/2016,4088.17
10/5/2016,4107.4
10/6/2016,4109.49
10/7/2016,4096.25
10/10/2016,4115.12
10/11/2016,4063.92
10/12/2016,4068.92
10/13/2016,4056.45
10/14/2016,4057.28
10/17/2016,4045.07
10/18/2016,4069.99
10/19/2016,4079.5
10/20/2016,4074.18
10/21/2016,4073.85
10/24/2016,4093.22
10/25/2016,4077.8
10/26/2016,4070.76
10/27/2016,4058.75
10/28/2016,4046.36
10/31/2016,4045.89
11/1/2016,4018.47
11/2/2016,3992.76
11/3/2016,3976.56
11/4/2016,3970.02
11/7/2016,4058.3
11/8/2016,4075.61
11/9/2016,4121.03
11/10/2016,4129.46
11/11/2016,4123.69
11/14/2016,4123.81
11/15/2016,4155.62
11/16/2016,4150.21
11/17/2016,4169.87
11/18/2016,4160.58
11/21/2016,4191.68
11/22/2016,4200.95
11/23/2016,4204.49
11/25/2016,4221.02
11/28/2016,4199.39
11/29/2016,4205.99
11/30/2016,4195.73
12/1/2016,4181.15
12/2/2016,4182.81
12/5/2016,4207.57
12/6/2016,4222.04
12/7/2016,4278.44
12/8/2016,4288.1
12/9/2016,4313.61
12/12/2016,4308.94
12/13/2016,4337.86
12/14/2016,4302.93
12/15/2016,4319.84
12/16/2016,4312.4
12/19/2016,4321.02
12/20/2016,4337.36
12/21/2016,4326.85
12/22/2016,4319.33
12/23/2016,4325.17
12/27/2016,4334.93
12/28/2016,4299.45
12/29/2016,4298.39
12/30/2016,4278.66
1/3/2017,4315.08
1/4/2017,4340.75
1/5/2017,4337.45
1/6/2017,4354.05
1/9/2017,4338.62
1/10/2017,4338.64
1/11/2017,4351.32
1/12/2017,4342.09
1/13/2017,4350.11
1/17/2017,4337.2
1/18/2017,4345.57
1/19/2017,4329.96
1/20/2017,4344.67
1/23/2017,4333.1
1/24/2017,4361.56
1/25/2017,4396.57
1/26/2017,4393.43
1/27/2017,4389.85
1/30/2017,4363.67
1/31/2017,4359.81
2/1/2017,4362.1
2/2/2017,4364.85
2/3/2017,4396.95
2/6/2017,4387.67
2/7/2017,4388.87
2/8/2017,4393.31
2/9/2017,4419.4
2/10/2017,4435.42
2/13/2017,4459.83
2/14/2017,4478.98
2/15/2017,4501.99
2/16/2017,4498.56
2/17/2017,4506.2
2/21/2017,4533.46
2/22/2017,4528.97
2/23/2017,4531.39
2/24/2017,4539.25
2/27/2017,4544.51
2/28/2017,4532.93
3/1/2017,4595.73
3/2/2017,4569.17
3/3/2017,4571.6
3/6/2017,4556.72
3/7/2017,4543.75
3/8/2017,4534.68
3/9/2017,4538.36
3/10/2017,4553.28
3/13/2017,4556.44
3/14/2017,4541.26
3/15/2017,4579.44
3/16/2017,4572.16
3/17/2017,4566.17
3/20/2017,4557.12
3/21/2017,4500.98
3/22/2017,4509.65
3/23/2017,4504.92
3/24/2017,4501.11
3/27/2017,4496.53
3/28/2017,4529.17
3/29/2017,4535.01
3/30/2017,4548.46
3/31/2017,4538.21
4/3/2017,4530.98
4/4/2017,4534.25
4/5/2017,4520.86
4/6/2017,4530.93
4/7/2017,4527.2
4/10/2017,4530.57
4/11/2017,4524.71
4/12/2017,4507.76
4/13/2017,4477.07
4/17/2017,4515.65
4/18/2017,4502.66
4/19/2017,4495.56
4/20/2017,4529.65
4/21/2017,4515.9
4/24/2017,4564.93
4/25/2017,4592.74
4/26/2017,4590.56
4/27/2017,4593.57
4/28/2017,4584.82
5/1/2017,4592.78
5/2/2017,4598.24
5/3/2017,4593.32
5/4/2017,4596.24
5/5/2017,4615.09
5/8/2017,4615.73
5/9/2017,4611.21
5/10/2017,4618.19
5/11/2017,4609.69
5/12/2017,4602.96
5/15/2017,4625.51
5/16/2017,4623.26
5/17/2017,4540.58
5/18/2017,4557.41
5/19/2017,4588.35
5/22/2017,4612.12
5/23/2017,4620.7
5/24/2017,4632.37
5/25/2017,4653.59
5/26/2017,4655.65
5/30/2017,4650.76
5/31/2017,4649.34
6/1/2017,4685.11
6/2/2017,4702.56
6/5/2017,4697
6/6/2017,4683.96
6/7/2017,4692.29
6/8/2017,4693.67
6/9/2017,4689.79
6/12/2017,4685.54
6/13/2017,4707.88
6/14/2017,4703.53
6/15/2017,4693.86
6/16/2017,4695.23
6/19/2017,4734.48
6/20/2017,4702.82
6/21/2017,4700.5
6/22/2017,4698.4
6/23/2017,4705.73
6/26/2017,4707.27
6/27/2017,4669.27
6/28/2017,4711.33
6/29/2017,4670.96
6/30/2017,4678.36
7/3/2017,4689.61
7/5/2017,4697.34
7/6/2017,4655.02
7/7/2017,4684.88
7/10/2017,4689.25
7/11/2017,4685.64
7/12/2017,4720.28
7/13/2017,4729.25
7/14/2017,4751.43
7/17/2017,4751.33
7/18/2017,4754.27
7/19/2017,4780.25
7/20/2017,4779.84
7/21/2017,4778.07
7/24/2017,4773.1
7/25/2017,4787.04
7/26/2017,4788.41
7/27/2017,4784.26
7/28/2017,4778.02
7/31/2017,4774.56
8/1/2017,4786.27
8/2/2017,4789.54
8/3/2017,4779.99
8/4/2017,4789.11
8/7/2017,4797.13
8/8/2017,4786.12
8/9/2017,4784.94
8/10/2017,4717.4
8/11/2017,4723.73
8/14/2017,4771.43
8/15/2017,4770.15
8/16/2017,4778.28
8/17/2017,4704.73
8/18/2017,4696.22
8/21/2017,4701.82
8/22/2017,4748.73
8/23/2017,4732.76
8/24/2017,4723.03
8/25/2017,4731.46
8/28/2017,4733.97
8/29/2017,4738.62
8/30/2017,4761.72
8/31/2017,4789.18
9/1/2017,4798.99
9/5/2017,4762.75
9/6/2017,4777.69
9/7/2017,4777.93
9/8/2017,4771.02
9/11/2017,4822.8
9/12/2017,4839.31
9/13/2017,4843.04
9/14/2017,4839.29
9/15/2017,4848.84
9/18/2017,4856.08
9/19/2017,4861.52
9/20/2017,4864.61
9/21/2017,4849.95
9/22/2017,4853.2
9/25/2017,4842.41
9/26/2017,4843.14
9/27/2017,4862.93
9/28/2017,4869.81
9/29/2017,4887.97
10/2/2017,4906.92
10/3/2017,4917.73
10/4/2017,4924.19
10/5/2017,4952.85
10/6/2017,4949.09
10/9/2017,4940.16
10/10/2017,4951.77
10/11/2017,4960.79
10/12/2017,4952.85
10/13/2017,4957.27
10/16/2017,4966.05
10/17/2017,4969.38
10/18/2017,4973.28
10/19/2017,4975.32
10/20/2017,5001.11
10/23/2017,4981.37
10/24/2017,4989.56
10/25/2017,4966.29
10/26/2017,4972.6
10/27/2017,5012.75
10/30/2017,4997.15
10/31/2017,5002.03
11/1/2017,5009.99
11/2/2017,5011.48
11/3/2017,5027.49
11/6/2017,5034.3
11/7/2017,5033.38
11/8/2017,5040.74
11/9/2017,5023.01
11/10/2017,5020.31
11/13/2017,5025.36
11/14/2017,5014.53
11/15/2017,4987.96
11/16/2017,5030.48
11/17/2017,5017.45
11/20/2017,5024.01
11/21/2017,5056.95
11/22/2017,5053.6
11/24/2017,5064.23
11/27/2017,5062.85
11/28/2017,5112.91
11/29/2017,5111.68
11/30/2017,5155.44
12/1/2017,5145.21
12/4/2017,5139.91
12/5/2017,5120.92
12/6/2017,5120.46
12/7/2017,5136.37
12/8/2017,5165.19
12/11/2017,5181.75
12/12/2017,5189.96
12/13/2017,5187.68
12/14/2017,5167.45
12/15/2017,5214.1
12/18/2017,5242.28
12/19/2017,5225.43
12/20/2017,5221.79
12/21/2017,5232.16
12/22/2017,5229.79
12/26/2017,5224.51
12/27/2017,5229.01
12/28/2017,5239.59
12/29/2017,5212.76
1/2/2018,5256.28
1/3/2018,5289.92
1/4/2018,5312.33
1/5/2018,5349.69
1/8/2018,5358.68
1/9/2018,5367.26
1/10/2018,5361.33
1/11/2018,5399.46
1/12/2018,5435.92
1/16/2018,5416.86
1/17/2018,5467.85
1/18/2018,5459.5
1/19/2018,5483.57
1/22/2018,5527.89
1/23/2018,5540.13
1/24/2018,5537.03
1/25/2018,5540.38
1/26/2018,5606.08
1/29/2018,5568.67
1/30/2018,5508.36
1/31/2018,5511.21
2/1/2018,5508.7
2/2/2018,5392.21
2/5/2018,5171.26
2/6/2018,5262.02
2/7/2018,5235.84
2/8/2018,5040.06
2/9/2018,5116.99
2/12/2018,5188.37
2/13/2018,5202.22
2/14/2018,5273.43
2/15/2018,5338.35
2/16/2018,5340.82
2/20/2018,5309.99
2/21/2018,5280.91
2/22/2018,5286.5
2/23/2018,5371.56
2/26/2018,5435.38
2/27/2018,5367.09
2/28/2018,5308.09
3/1/2018,5238.18
3/2/2018,5265.24
3/5/2018,5323.36
3/6/2018,5337.69
3/7/2018,5335.47
3/8/2018,5360.73
3/9/2018,5454.03
3/12/2018,5447.1
3/13/2018,5412.75
3/14/2018,5383.27
3/15/2018,5379.39
3/16/2018,5388.74
3/19/2018,5312.23
3/20/2018,5320.2
3/21/2018,5310.96
3/22/2018,5177.52
3/23/2018,5069.03
3/26/2018,5206.69
3/27/2018,5116.75
3/28/2018,5102.69
3/29/2018,5173.19
4/2/2018,5057.69
4/3/2018,5121.7
4/4/2018,5181.31
4/5/2018,5217.62
4/6/2018,5103.35
4/9/2018,5121.9
4/10/2018,5207.73
4/11/2018,5179.19
4/12/2018,5222.55
4/13/2018,5207.57
4/16/2018,5249.94
4/17/2018,5305.9
4/18/2018,5310.32
4/19/2018,5280.57
4/20/2018,5235.75
4/23/2018,5236.04
4/24/2018,5166.1
4/25/2018,5175.59
4/26/2018,5229.61
4/27/2018,5235.73
4/30/2018,5193.04
5/1/2018,5206.31
5/2/2018,5168.79
5/3/2018,5157.7
5/4/2018,5224.71
5/7/2018,5242.87
5/8/2018,5241.53
5/9/2018,5292.9
5/10/2018,5343.7
5/11/2018,5354.69
5/14/2018,5359.66
5/15/2018,5323.23
5/16/2018,5346.33
5/17/2018,5343.29
5/18/2018,5329.66
5/21/2018,5369.19
5/22/2018,5352.45
5/23/2018,5369.99
5/24/2018,5359.32
5/25/2018,5347.31
5/29/2018,5285.7
5/30/2018,5353.76
5/31/2018,5318.1
6/1/2018,5376.29
6/4/2018,5400.5
6/5/2018,5404.62
6/6/2018,5451.09
6/7/2018,5448.18
6/8/2018,5465.42
6/11/2018,5471.29
6/12/2018,5481.07
6/13/2018,5459.21
6/14/2018,5474.37
6/15/2018,5469.37
6/18/2018,5457.83
6/19/2018,5436.13
6/20/2018,5445.43
6/21/2018,5411.4
6/22/2018,5421.63
6/25/2018,5347.23
6/26/2018,5359.01
6/27/2018,5312.89
6/28/2018,5346.44
6/29/2018,5350.83
7/2/2018,5367.49
7/3/2018,5340.93
7/5/2018,5388.28
7/6/2018,5434.36
7/9/2018,5483.89
7/10/2018,5503.05
7/11/2018,5464.01
7/12/2018,5512.36
7/13/2018,5518.33
7/16/2018,5512.92
7/17/2018,5534.91
7/18/2018,5546.86
7/19/2018,5525.51
7/20/2018,5520.5
7/23/2018,5530.66
7/24/2018,5557.37
7/25/2018,5607.99
7/26/2018,5590.99
7/27/2018,5554.31
7/30/2018,5522.81
7/31/2018,5549.96
8/1/2018,5544.19
8/2/2018,5572.08
8/3/2018,5598.71
8/6/2018,5619.05
8/7/2018,5634.98
8/8/2018,5633.67
8/9/2018,5627
8/10/2018,5588.66
8/13/2018,5566.36
8/14/2018,5602.41
8/15/2018,5560.85
8/16/2018,5606.56
8/17/2018,5625.66
8/20/2018,5639.53
8/21/2018,5651.39
8/22/2018,5649.31
8/23/2018,5640.1
8/24/2018,5675.12
8/27/2018,5719.3
8/28/2018,5720.89
8/29/2018,5754
8/30/2018,5729.45
8/31/2018,5730.8
9/4/2018,5721.86
9/5/2018,5705.86
9/6/2018,5686.7
9/7/2018,5674.58
9/10/2018,5685.34
9/11/2018,5706.99
9/12/2018,5709.08
9/13/2018,5740.75
9/14/2018,5743.19
9/17/2018,5711.29
9/18/2018,5742.18
9/19/2018,5749.39
9/20/2018,5794.72
9/21/2018,5792.72
9/24/2018,5772.36
9/25/2018,5765.25
9/26/2018,5746.27
9/27/2018,5763.22
9/28/2018,5763.42
10/1/2018,5784.45
10/2/2018,5782.37
10/3/2018,5786.48
10/4/2018,5740.56
10/5/2018,5708.9
10/8/2018,5706.66
10/9/2018,5700.23
10/10/2018,5512.94
10/11/2018,5399.54
10/12/2018,5476.83
10/15/2018,5444.61
10/16/2018,5561.8
10/17/2018,5560.62
10/18/2018,5481.13
10/19/2018,5479.3
10/22/2018,5455.88
10/23/2018,5426.08
10/24/2018,5258.61
10/25/2018,5356.54
10/26/2018,5263.74
10/29/2018,5229.28
10/30/2018,5311.67
10/31/2018,5369.49
11/1/2018,5426.33
11/2/2018,5392.53
11/5/2018,5422.88
11/6/2018,5457.25
11/7/2018,5573.06
11/8/2018,5562
11/9/2018,5511.79
11/12/2018,5403.19
11/13/2018,5395.37
11/14/2018,5355.94
11/15/2018,5414.43
11/16/2018,5426.86
11/19/2018,5336.7
11/20/2018,5240.23
11/21/2018,5256.61
11/23/2018,5222.43
11/26/2018,5304.17
11/27/2018,5321.52
11/28/2018,5444.12
11/29/2018,5433.49
11/30/2018,5478.91
12/3/2018,5538.86
12/4/2018,5359.91
12/6/2018,5353.43
12/7/2018,5229.44
12/10/2018,5238.7
12/11/2018,5237.1
12/12/2018,5265.53
12/13/2018,5265.46
12/14/2018,5165.6
12/17/2018,5058.58
12/18/2018,5059.34
12/19/2018,4981.92
12/20/2018,4903.46
12/21/2018,4802.51
12/24/2018,4672.66
12/26/2018,4904.49
12/27/2018,4946.94
12/28/2018,4941.61
12/31/2018,4984.22
1/2/2019,4990.56
1/3/2019,4868.3
1/4/2019,5035.45
1/7/2019,5070.76
1/8/2019,5120.04
1/9/2019,5142.66
1/10/2019,5165.89
1/11/2019,5165.15
1/14/2019,5138.58
1/15/2019,5193.78
1/16/2019,5205.45
1/17/2019,5245.48
1/18/2019,5314.78
1/22/2019,5239.75
1/23/2019,5251.29
1/24/2019,5258.69
1/25/2019,5303.51
1/28/2019,5261.88
1/29/2019,5254.31
1/30/2019,5336.6
1/31/2019,5383.63
2/1/2019,5389.19
2/4/2019,5425.8
2/5/2019,5451.4
2/6/2019,5439.8
2/7/2019,5389.69
2/8/2019,5395.12
2/11/2019,5399
2/12/2019,5468.98
2/13/2019,5485.97
2/14/2019,5473.33
2/15/2019,5533.27
2/19/2019,5541.98
2/20/2019,5552.9
2/21/2019,5533.8
2/22/2019,5569.45
2/25/2019,5577.09
2/26/2019,5572.74
2/27/2019,5570.57
2/28/2019,5556.49
3/1/2019,5595.11
3/4/2019,5573.53
3/5/2019,5567.4
3/6/2019,5531.34
3/7/2019,5487.56
3/8/2019,5476.39
3/11/2019,5556.77
3/12/2019,5573.44
3/13/2019,5612.56
3/14/2019,5609.59
3/15/2019,5637.77
3/18/2019,5658.73
3/19/2019,5658.15
3/20/2019,5641.74
3/21/2019,5703.28
3/22/2019,5595.5
3/25/2019,5591.23
3/26/2019,5631.39
3/27/2019,5605.32
3/28/2019,5626.32
3/29/2019,5664.46
4/1/2019,5730.04
4/2/2019,5730.35
4/3/2019,5742.67
4/4/2019,5755.96
4/5/2019,5782.7
4/8/2019,5788.86
4/9/2019,5755.49